{
  "train_batch_size": 16,
  "gradient_accumulation_steps": 4,
   "wall_clock_breakdown": false,
  "gradient_clipping": 1.0,
  "steps_per_print": 100,
  "fp16": {
    "enabled": false,
    "auto_cast": "auto",
    "loss_scale": 0,
    "initial_scale_power": 16,
    "loss_scale_window": 1000,
    "hysteresis": 2,
    "min_loss_scale": 1
  },
  "amp": {
    "enabled": false,
    "opt_level": "O2"
  },
  "bfloat16": {
    "enabled": true
  },
 "zero_optimization": {
        "stage": 2,
       "allgather_partitions": true,
        "allgather_bucket_size": 1e8,
        "overlap_comm": true,
        "reduce_scatter": true,
        "reduce_bucket_size": 1e8,
        "contiguous_gradients": true,
        "sub_group_size": "auto",
        "stage3_prefetch_bucket_size": "auto",
        "stage3_param_persistence_threshold": "auto",
        "stage3_max_live_parameters": 1e9,
        "stage3_max_reuse_distance": 1e9,
        "stage3_gather_fp16_weights_on_model_save": true,
        "offload_optimizer": {
          "device": "none"
        },
        "offload_param":{
          "device": "none"
        }
    },
  "zero_allow_untested_optimizer": true,
  "data_efficiency": {
    "enabled": true,
    "seed": 42
  },
  "data_sampling": {
    "enabled": true,
    "num_workers": 8
  }
}